good,10,10,DI water,DI water,/var/www/html/joomla/images/padimages/processed/DI_water-Ethambutol_Cu-1-18519.processed.png
good,10,10,DI water,DI water,/var/www/html/joomla/images/padimages/processed/DI_water-12LanePADKenya2015-1-5374.processed.png
good,10,10,DI water,DI water,/var/www/html/joomla/images/padimages/processed/DI_water-12LanePADKenya2015-1-20954.processed.png
good,10,10,DI water,DI water,/var/www/html/joomla/images/padimages/processed/DI_water-2017_Laos_Antibiotic_PAD-1-21160.processed.png
good,10,10,DI water,DI water,/var/www/html/joomla/images/padimages/processed/DI_water-2017_Laos_Antibiotic_PAD-1-11191.processed.png
good,10,10,DI water,DI water,/var/www/html/joomla/images/padimages/processed/DI_water-2017_Laos_Antibiotic_PAD-1-13424.processed.png
good,10,10,DI water,DI water,/var/www/html/joomla/images/padimages/processed/DI_water-2017_Laos_Antibiotic_PAD-1-7129.processed.png
good,10,10,DI water,DI water,/var/www/html/joomla/images/padimages/processed/DI_water-2017_Laos_Antibiotic_PAD-1-25024.processed.png
good,10,10,DI water,DI water,/var/www/html/joomla/images/padimages/processed/DI_water-2017_Laos_Antibiotic_PAD-1-14295.processed.png
good,10,10,DI water,DI water,/var/www/html/joomla/images/padimages/processed/DI_water-2017_Laos_Antibiotic_PAD-1-6661.processed.png
good,10,10,DI water,DI water,/var/www/html/joomla/images/padimages/processed/DI_water-2017_Laos_Antibiotic_PAD-1-3361.processed.png
good,10,10,DI water,DI water,/var/www/html/joomla/images/padimages/processed/DI_water-2017_Laos_Antibiotic_PAD-1-25243.processed.png
good,10,10,DI water,DI water,/var/www/html/joomla/images/padimages/processed/DI_water-2017_Laos_Antibiotic_PAD-1-21770.processed.png
good,10,10,DI water,DI water,/var/www/html/joomla/images/padimages/processed/DI_water-2017_Laos_Antibiotic_PAD-1-28818.processed.png
good,10,10,DI water,DI water,/var/www/html/joomla/images/padimages/processed/DI_water-2017_Laos_Antibiotic_PAD-1-12119.processed.png
good,10,10,DI water,DI water,/var/www/html/joomla/images/padimages/processed/DI_water-2017_Laos_Antibiotic_PAD-1-21106.processed.png
good,10,10,DI water,DI water,/var/www/html/joomla/images/padimages/processed/DI_water-2017_Laos_Antibiotic_PAD-1-15557.processed.png
good,10,10,DI water,DI water,/var/www/html/joomla/images/padimages/processed/DI_water-2017_Laos_Antibiotic_PAD-1-17006.processed.png
good,10,10,DI water,DI water,/var/www/html/joomla/images/padimages/processed/DI_water-2017_Laos_Antibiotic_PAD-1-11995.processed.png
good,10,10,DI water,DI water,/var/www/html/joomla/images/padimages/processed/DI_water-2017_Laos_Antibiotic_PAD-1-4758.processed.png
good,10,10,DI water,DI water,/var/www/html/joomla/images/padimages/processed/DI_water-2017_Laos_Antibiotic_PAD-1-27796.processed.png
good,10,10,DI water,DI water,/var/www/html/joomla/images/padimages/processed/DI_water-2017_Laos_Antibiotic_PAD-1-18018.processed.png
good,10,10,DI water,DI water,/var/www/html/joomla/images/padimages/processed/DI_water-2017_Laos_Antibiotic_PAD-1-1111.processed.png
good,10,10,DI water,DI water,/var/www/html/joomla/images/padimages/processed/DI_water-2017_Laos_Antibiotic_PAD-1-19992.processed.png
good,10,10,DI water,DI water,/var/www/html/joomla/images/padimages/processed/DI_water-2017_Laos_Antibiotic_PAD-1-23249.processed.png
good,10,10,DI water,DI water,/var/www/html/joomla/images/padimages/processed/DI_water-2017_Laos_Antibiotic_PAD-1-8448.processed.png
good,10,10,DI water,DI water,/var/www/html/joomla/images/padimages/processed/DI_water-2017_Laos_Antibiotic_PAD-1-25473.processed.png
good,10,10,DI water,DI water,/var/www/html/joomla/images/padimages/processed/DI_water-2017_Laos_Antibiotic_PAD-1-18440.processed.png
good,10,10,DI water,DI water,/var/www/html/joomla/images/padimages/processed/DI_water-2017_Laos_Antibiotic_PAD-1-6800.processed.png
bad,2,8,Starch,Benzyl Penicillin,/var/www/html/joomla/images/padimages/msh/processed/Analyst_39-12LanePADKenya2015-1-26454.processed.png
bad,6,8,Vitamin C,Benzyl Penicillin,/var/www/html/joomla/images/padimages/msh/processed/35809.processed.png
good,8,8,Benzyl Penicillin,Benzyl Penicillin,/var/www/html/joomla/images/padimages/msh/processed/Analyst_39-12LanePADKenya2015-1-5459.processed.png
bad,0,9,Paracetamol Starch,Paracetamol,/var/www/html/joomla/images/padimages/msh/processed/35816.processed.png
bad,6,8,Vitamin C,Benzyl Penicillin,/var/www/html/joomla/images/padimages/msh/processed/35815.processed.png
bad,5,8,Cellulose,Benzyl Penicillin,/var/www/html/joomla/images/padimages/msh/processed/35892.processed.png
good,9,9,Paracetamol,Paracetamol,/var/www/html/joomla/images/padimages/msh/processed/Analyst_39-12LanePADKenya2015-1-400.processed.png
good,4,4,Amoxicillin,Amoxicillin,/var/www/html/joomla/images/padimages/msh/processed/35258.processed.png
good,9,9,Paracetamol,Paracetamol,/var/www/html/joomla/images/padimages/msh/processed/30780.processed.png
bad,5,7,Cellulose,Quinine,/var/www/html/joomla/images/padimages/msh/processed/30778.processed.png
good,8,8,Benzyl Penicillin,Benzyl Penicillin,/var/www/html/joomla/images/padimages/msh/processed/32699.processed.png
good,7,7,Quinine,Quinine,/var/www/html/joomla/images/padimages/msh/processed/30774.processed.png
bad,5,1,Cellulose,Penicillin Procaine,/var/www/html/joomla/images/padimages/msh/processed/32632.processed.png
good,1,1,Penicillin Procaine,Penicillin Procaine,/var/www/html/joomla/images/padimages/msh/processed/32776.processed.png
good,9,9,Paracetamol,Paracetamol,/var/www/html/joomla/images/padimages/msh/processed/33874.processed.png
good,9,9,Paracetamol,Paracetamol,/var/www/html/joomla/images/padimages/msh/processed/Analyst_39-12LanePADKenya2015-1-22429.processed.png
good,7,7,Quinine,Quinine,/var/www/html/joomla/images/padimages/msh/processed/33888.processed.png
bad,6,4,Vitamin C,Amoxicillin,/var/www/html/joomla/images/padimages/msh/processed/Analyst_39-12LanePADKenya2015-1-20658.processed.png
good,1,1,Penicillin Procaine,Penicillin Procaine,/var/www/html/joomla/images/padimages/msh/processed/33889.processed.png
good,9,9,Paracetamol,Paracetamol,/var/www/html/joomla/images/padimages/msh/processed/35324.processed.png
good,8,8,Benzyl Penicillin,Benzyl Penicillin,/var/www/html/joomla/images/padimages/msh/processed/Analyst_30-12LanePADKenya2015-1-29633.processed.png
bad,6,4,Vitamin C,Amoxicillin,/var/www/html/joomla/images/padimages/msh/processed/Analyst_30-12LanePADKenya2015-1-7765.processed.png
bad,6,4,Vitamin C,Amoxicillin,/var/www/html/joomla/images/padimages/msh/processed/30606.processed.png
bad,3,8,Lactose,Benzyl Penicillin,/var/www/html/joomla/images/padimages/msh/processed/Analyst_30-12LanePADKenya2015-1-23139.processed.png
good,4,4,Amoxicillin,Amoxicillin,/var/www/html/joomla/images/padimages/msh/processed/Analyst_30-12LanePADKenya2015-1-27549.processed.png
good,9,9,Paracetamol,Paracetamol,/var/www/html/joomla/images/padimages/msh/processed/Analyst_30-12LanePADKenya2015-1-11771.processed.png
good,1,1,Penicillin Procaine,Penicillin Procaine,/var/www/html/joomla/images/padimages/msh/processed/Analyst_30-12LanePADKenya2015-1-7966.processed.png
good,8,8,Benzyl Penicillin,Benzyl Penicillin,/var/www/html/joomla/images/padimages/msh/processed/Analyst_30-12LanePADKenya2015-1-2558.processed.png
good,7,7,Quinine,Quinine,/var/www/html/joomla/images/padimages/msh/processed/Analyst_30-12LanePADKenya2015-1-22717.processed.png
bad,6,1,Vitamin C,Penicillin Procaine,/var/www/html/joomla/images/padimages/msh/processed/Analyst_30-12LanePADKenya2015-1-4968.processed.png
bad,6,8,Vitamin C,Benzyl Penicillin,/var/www/html/joomla/images/padimages/msh/processed/Analyst_30-12LanePADKenya2015-1-10023.processed.png
good,8,8,Benzyl Penicillin,Benzyl Penicillin,/var/www/html/joomla/images/padimages/msh/processed/Analyst_30-12LanePADKenya2015-1-3812.processed.png
bad,6,1,Vitamin C,Penicillin Procaine,/var/www/html/joomla/images/padimages/msh/processed/Analyst_30-12LanePADKenya2015-1-6302.processed.png
good,9,9,Paracetamol,Paracetamol,/var/www/html/joomla/images/padimages/msh/processed/35402.processed.png
good,9,9,Paracetamol,Paracetamol,/var/www/html/joomla/images/padimages/msh/processed/35385.processed.png
bad,3,7,Lactose,Quinine,/var/www/html/joomla/images/padimages/msh/processed/35331.processed.png
bad,3,7,Lactose,Quinine,/var/www/html/joomla/images/padimages/msh/processed/Analyst_30-12LanePADKenya2015-1-26818.processed.png
bad,3,7,Lactose,Quinine,/var/www/html/joomla/images/padimages/msh/processed/35395.processed.png
good,1,1,Penicillin Procaine,Penicillin Procaine,/var/www/html/joomla/images/padimages/msh/processed/Analyst_30-12LanePADKenya2015-1-24301.processed.png
bad,2,1,Starch,Penicillin Procaine,/var/www/html/joomla/images/padimages/msh/processed/35612.processed.png
good,1,1,Penicillin Procaine,Penicillin Procaine,/var/www/html/joomla/images/padimages/msh/processed/35613.processed.png
good,9,9,Paracetamol,Paracetamol,/var/www/html/joomla/images/padimages/msh/processed/35662.processed.png
bad,6,9,Vitamin C,Paracetamol,/var/www/html/joomla/images/padimages/msh/processed/35608.processed.png
good,9,9,Paracetamol,Paracetamol,/var/www/html/joomla/images/padimages/msh/processed/35661.processed.png
bad,6,4,Vitamin C,Amoxicillin,/var/www/html/joomla/images/padimages/msh/processed/34626.processed.png
good,7,7,Quinine,Quinine,/var/www/html/joomla/images/padimages/msh/processed/35744.processed.png
bad,6,1,Vitamin C,Penicillin Procaine,/var/www/html/joomla/images/padimages/msh/processed/35733.processed.png
good,1,1,Penicillin Procaine,Penicillin Procaine,/var/www/html/joomla/images/padimages/msh/processed/35740.processed.png
good,7,7,Quinine,Quinine,/var/www/html/joomla/images/padimages/msh/processed/35747.processed.png
bad,6,8,Vitamin C,Benzyl Penicillin,/var/www/html/joomla/images/padimages/msh/processed/Analyst_37-12LanePADKenya2015-1-1413.processed.png
bad,3,8,Lactose,Benzyl Penicillin,/var/www/html/joomla/images/padimages/msh/processed/34544.processed.png
bad,6,8,Vitamin C,Benzyl Penicillin,/var/www/html/joomla/images/padimages/msh/processed/34548.processed.png
good,1,1,Penicillin Procaine,Penicillin Procaine,/var/www/html/joomla/images/padimages/msh/processed/35606.processed.png
bad,2,7,Starch,Quinine,/var/www/html/joomla/images/padimages/msh/processed/33604.processed.png
good,1,1,Penicillin Procaine,Penicillin Procaine,/var/www/html/joomla/images/padimages/msh/processed/Analyst_37-12LanePADKenya2015-1-8496.processed.png
bad,2,9,Starch,Paracetamol,/var/www/html/joomla/images/padimages/msh/processed/Analyst_37-12LanePADKenya2015-1-10891.processed.png
good,9,9,Paracetamol,Paracetamol,/var/www/html/joomla/images/padimages/msh/processed/34410.processed.png
good,9,9,Paracetamol,Paracetamol,/var/www/html/joomla/images/padimages/msh/processed/Analyst_37-12LanePADKenya2015-1-18286.processed.png
good,9,9,Paracetamol,Paracetamol,/var/www/html/joomla/images/padimages/msh/processed/34412.processed.png
good,4,4,Amoxicillin,Amoxicillin,/var/www/html/joomla/images/padimages/msh/processed/Analyst_37-12LanePADKenya2015-1-23854.processed.png
bad,3,4,Lactose,Amoxicillin,/var/www/html/joomla/images/padimages/msh/processed/Analyst_37-12LanePADKenya2015-1-1954.processed.png
good,9,9,Paracetamol,Paracetamol,/var/www/html/joomla/images/padimages/msh/processed/Analyst_37-12LanePADKenya2015-1-9880.processed.png
good,9,9,Paracetamol,Paracetamol,/var/www/html/joomla/images/padimages/msh/processed/Analyst_37-12LanePADKenya2015-1-12467.processed.png
good,8,8,Benzyl Penicillin,Benzyl Penicillin,/var/www/html/joomla/images/padimages/msh/processed/35913.processed.png
bad,3,8,Lactose,Benzyl Penicillin,/var/www/html/joomla/images/padimages/msh/processed/Analyst_37-12LanePADKenya2015-1-12859.processed.png
bad,6,9,Vitamin C,Paracetamol,/var/www/html/joomla/images/padimages/msh/processed/Analyst_36-12LanePADKenya2015-1-32064.processed.png
bad,0,9,Paracetamol Starch,Paracetamol,/var/www/html/joomla/images/padimages/msh/processed/Analyst_36-12LanePADKenya2015-1-16513.processed.png
good,7,7,Quinine,Quinine,/var/www/html/joomla/images/padimages/msh/processed/Analyst_36-12LanePADKenya2015-1-31022.processed.png
good,4,4,Amoxicillin,Amoxicillin,/var/www/html/joomla/images/padimages/msh/processed/Analyst_36-12LanePADKenya2015-1-15400.processed.png
bad,3,4,Lactose,Amoxicillin,/var/www/html/joomla/images/padimages/msh/processed/Analyst_36-12LanePADKenya2015-1-13890.processed.png
good,1,1,Penicillin Procaine,Penicillin Procaine,/var/www/html/joomla/images/padimages/msh/processed/Analyst_36-12LanePADKenya2015-1-14886.processed.png
good,1,1,Penicillin Procaine,Penicillin Procaine,/var/www/html/joomla/images/padimages/msh/processed/Analyst_36-12LanePADKenya2015-1-30137.processed.png
good,4,4,Amoxicillin,Amoxicillin,/var/www/html/joomla/images/padimages/msh/processed/Analyst_36-12LanePADKenya2015-1-12234.processed.png
good,9,9,Paracetamol,Paracetamol,/var/www/html/joomla/images/padimages/msh/processed/Analyst_36-12LanePADKenya2015-1-11977.processed.png
good,4,4,Amoxicillin,Amoxicillin,/var/www/html/joomla/images/padimages/msh/processed/Analyst_36-12LanePADKenya2015-1-7892.processed.png
good,1,1,Penicillin Procaine,Penicillin Procaine,/var/www/html/joomla/images/padimages/msh/processed/Analyst_36-12LanePADKenya2015-1-18922.processed.png
good,1,1,Penicillin Procaine,Penicillin Procaine,/var/www/html/joomla/images/padimages/msh/processed/Analyst_36-12LanePADKenya2015-1-9371.processed.png
good,7,7,Quinine,Quinine,/var/www/html/joomla/images/padimages/msh/processed/Analyst_36-12LanePADKenya2015-1-3222.processed.png
good,9,9,Paracetamol,Paracetamol,/var/www/html/joomla/images/padimages/msh/processed/Analyst_36-12LanePADKenya2015-1-26465.processed.png
good,7,7,Quinine,Quinine,/var/www/html/joomla/images/padimages/msh/processed/Analyst_36-12LanePADKenya2015-1-25038.processed.png
bad,6,4,Vitamin C,Amoxicillin,/var/www/html/joomla/images/padimages/msh/processed/Analyst_36-12LanePADKenya2015-1-2700.processed.png
bad,2,7,Starch,Quinine,/var/www/html/joomla/images/padimages/msh/processed/Analyst_36-12LanePADKenya2015-1-12581.processed.png
good,8,8,Benzyl Penicillin,Benzyl Penicillin,/var/www/html/joomla/images/padimages/msh/processed/Analyst_36-12LanePADKenya2015-1-15994.processed.png
good,7,7,Quinine,Quinine,/var/www/html/joomla/images/padimages/msh/processed/Analyst_36-12LanePADKenya2015-1-14390.processed.png
good,4,4,Amoxicillin,Amoxicillin,/var/www/html/joomla/images/padimages/msh/processed/31804.processed.png
bad,3,4,Lactose,Amoxicillin,/var/www/html/joomla/images/padimages/msh/processed/31806.processed.png
bad,6,4,Vitamin C,Amoxicillin,/var/www/html/joomla/images/padimages/msh/processed/31801.processed.png
bad,6,1,Vitamin C,Penicillin Procaine,/var/www/html/joomla/images/padimages/msh/processed/31666.processed.png
good,7,7,Quinine,Quinine,/var/www/html/joomla/images/padimages/msh/processed/29403.processed.png
bad,0,9,Paracetamol Starch,Paracetamol,/var/www/html/joomla/images/padimages/msh/processed/31628.processed.png
good,4,4,Amoxicillin,Amoxicillin,/var/www/html/joomla/images/padimages/msh/processed/35182.processed.png
good,8,8,Benzyl Penicillin,Benzyl Penicillin,/var/www/html/joomla/images/padimages/msh/processed/34039.processed.png
good,4,4,Amoxicillin,Amoxicillin,/var/www/html/joomla/images/padimages/msh/processed/35042.processed.png
bad,5,7,Cellulose,Quinine,/var/www/html/joomla/images/padimages/msh/processed/34035.processed.png
bad,6,1,Vitamin C,Penicillin Procaine,/var/www/html/joomla/images/padimages/msh/processed/34025.processed.png
good,8,8,Benzyl Penicillin,Benzyl Penicillin,/var/www/html/joomla/images/padimages/msh/processed/34018.processed.png
good,1,1,Penicillin Procaine,Penicillin Procaine,/var/www/html/joomla/images/padimages/msh/processed/Analyst_31-12LanePADKenya2015-1-27761.processed.png
bad,6,9,Vitamin C,Paracetamol,/var/www/html/joomla/images/padimages/msh/processed/35716.processed.png
good,7,7,Quinine,Quinine,/var/www/html/joomla/images/padimages/msh/processed/30331.processed.png
good,7,7,Quinine,Quinine,/var/www/html/joomla/images/padimages/msh/processed/Analyst_31-12LanePADKenya2015-1-28908.processed.png
bad,6,1,Vitamin C,Penicillin Procaine,/var/www/html/joomla/images/padimages/msh/processed/Analyst_31-12LanePADKenya2015-1-1447.processed.png
good,1,1,Penicillin Procaine,Penicillin Procaine,/var/www/html/joomla/images/padimages/msh/processed/Analyst_31-12LanePADKenya2015-1-4220.processed.png
good,7,7,Quinine,Quinine,/var/www/html/joomla/images/padimages/msh/processed/30333.processed.png
good,7,7,Quinine,Quinine,/var/www/html/joomla/images/padimages/msh/processed/Analyst_31-12LanePADKenya2015-1-13282.processed.png
good,9,9,Paracetamol,Paracetamol,/var/www/html/joomla/images/padimages/msh/processed/35701.processed.png
good,4,4,Amoxicillin,Amoxicillin,/var/www/html/joomla/images/padimages/msh/processed/34144.processed.png
bad,2,1,Starch,Penicillin Procaine,/var/www/html/joomla/images/padimages/msh/processed/34152.processed.png
bad,6,8,Vitamin C,Benzyl Penicillin,/var/www/html/joomla/images/padimages/msh/processed/Analyst_31-12LanePADKenya2015-1-17297.processed.png
bad,3,7,Lactose,Quinine,/var/www/html/joomla/images/padimages/msh/processed/34153.processed.png
bad,6,4,Vitamin C,Amoxicillin,/var/www/html/joomla/images/padimages/msh/processed/Analyst_38-12LanePADKenya2015-1-31978.processed.png
bad,0,9,Paracetamol Starch,Paracetamol,/var/www/html/joomla/images/padimages/msh/processed/Analyst_38-12LanePADKenya2015-1-12461.processed.png
good,8,8,Benzyl Penicillin,Benzyl Penicillin,/var/www/html/joomla/images/padimages/msh/processed/Analyst_38-12LanePADKenya2015-1-6632.processed.png
bad,2,8,Starch,Benzyl Penicillin,/var/www/html/joomla/images/padimages/msh/processed/Analyst_38-12LanePADKenya2015-1-9018.processed.png
bad,3,9,Lactose,Paracetamol,/var/www/html/joomla/images/padimages/msh/processed/Analyst_38-12LanePADKenya2015-1-5451.processed.png
good,8,8,Benzyl Penicillin,Benzyl Penicillin,/var/www/html/joomla/images/padimages/msh/processed/Analyst_38-12LanePADKenya2015-1-7336.processed.png
bad,5,9,Cellulose,Paracetamol,/var/www/html/joomla/images/padimages/msh/processed/Analyst_38-12LanePADKenya2015-1-4857.processed.png
good,4,4,Amoxicillin,Amoxicillin,/var/www/html/joomla/images/padimages/msh/processed/Analyst_38-12LanePADKenya2015-1-13448.processed.png
bad,6,1,Vitamin C,Penicillin Procaine,/var/www/html/joomla/images/padimages/msh/processed/35785.processed.png
bad,6,4,Vitamin C,Amoxicillin,/var/www/html/joomla/images/padimages/msh/processed/Analyst_38-12LanePADKenya2015-1-980.processed.png
bad,2,8,Starch,Benzyl Penicillin,/var/www/html/joomla/images/padimages/msh/processed/Analyst_38-12LanePADKenya2015-1-9162.processed.png
bad,6,4,Vitamin C,Amoxicillin,/var/www/html/joomla/images/padimages/msh/processed/Analyst_38-12LanePADKenya2015-1-2133.processed.png
good,1,1,Penicillin Procaine,Penicillin Procaine,/var/www/html/joomla/images/padimages/msh/processed/32282.processed.png
bad,2,7,Starch,Quinine,/var/www/html/joomla/images/padimages/msh/processed/Analyst_38-12LanePADKenya2015-1-9411.processed.png
good,9,9,Paracetamol,Paracetamol,/var/www/html/joomla/images/padimages/msh/processed/Analyst_38-12LanePADKenya2015-1-7484.processed.png
bad,6,8,Vitamin C,Benzyl Penicillin,/var/www/html/joomla/images/padimages/msh/processed/32347.processed.png
good,4,4,Amoxicillin,Amoxicillin,/var/www/html/joomla/images/padimages/msh/processed/Analyst_38-12LanePADKenya2015-1-15880.processed.png
good,8,8,Benzyl Penicillin,Benzyl Penicillin,/var/www/html/joomla/images/padimages/msh/processed/Analyst_38-12LanePADKenya2015-1-14698.processed.png
bad,6,4,Vitamin C,Amoxicillin,/var/www/html/joomla/images/padimages/msh/processed/Analyst_38-12LanePADKenya2015-1-30251.processed.png
bad,3,8,Lactose,Benzyl Penicillin,/var/www/html/joomla/images/padimages/msh/processed/32168.processed.png
bad,6,9,Vitamin C,Paracetamol,/var/www/html/joomla/images/padimages/msh/processed/Analyst_38-12LanePADKenya2015-1-12606.processed.png
good,7,7,Quinine,Quinine,/var/www/html/joomla/images/padimages/msh/processed/Analyst_38-12LanePADKenya2015-1-27812.processed.png
good,4,4,Amoxicillin,Amoxicillin,/var/www/html/joomla/images/padimages/msh/processed/Analyst_38-12LanePADKenya2015-1-32119.processed.png
good,8,8,Benzyl Penicillin,Benzyl Penicillin,/var/www/html/joomla/images/padimages/msh/processed/Analyst_38-12LanePADKenya2015-1-1025.processed.png
good,1,1,Penicillin Procaine,Penicillin Procaine,/var/www/html/joomla/images/padimages/msh/processed/Analyst_38-12LanePADKenya2015-1-27127.processed.png
bad,2,8,Starch,Benzyl Penicillin,/var/www/html/joomla/images/padimages/msh/processed/Analyst_38-12LanePADKenya2015-1-8238.processed.png
bad,6,4,Vitamin C,Amoxicillin,/var/www/html/joomla/images/padimages/msh/processed/Analyst_38-12LanePADKenya2015-1-5628.processed.png
good,8,8,Benzyl Penicillin,Benzyl Penicillin,/var/www/html/joomla/images/padimages/msh/processed/Analyst_38-12LanePADKenya2015-1-25921.processed.png
good,9,9,Paracetamol,Paracetamol,/var/www/html/joomla/images/padimages/msh/processed/Analyst_38-12LanePADKenya2015-1-14860.processed.png
good,8,8,Benzyl Penicillin,Benzyl Penicillin,/var/www/html/joomla/images/padimages/msh/processed/30435.processed.png
good,4,4,Amoxicillin,Amoxicillin,/var/www/html/joomla/images/padimages/msh/processed/Analyst_22-12LanePADKenya2015-1-29965.processed.png
good,8,8,Benzyl Penicillin,Benzyl Penicillin,/var/www/html/joomla/images/padimages/msh/processed/30011.processed.png
bad,6,4,Vitamin C,Amoxicillin,/var/www/html/joomla/images/padimages/msh/processed/29951.processed.png
good,7,7,Quinine,Quinine,/var/www/html/joomla/images/padimages/msh/processed/32106.processed.png
good,1,1,Penicillin Procaine,Penicillin Procaine,/var/www/html/joomla/images/padimages/msh/processed/Analyst_22-12LanePADKenya2015-1-12326.processed.png
good,8,8,Benzyl Penicillin,Benzyl Penicillin,/var/www/html/joomla/images/padimages/msh/processed/30438.processed.png
bad,5,4,Cellulose,Amoxicillin,/var/www/html/joomla/images/padimages/msh/processed/29950.processed.png
bad,6,9,Vitamin C,Paracetamol,/var/www/html/joomla/images/padimages/msh/processed/34276.processed.png
good,8,8,Benzyl Penicillin,Benzyl Penicillin,/var/www/html/joomla/images/padimages/msh/processed/Analyst_22-12LanePADKenya2015-1-17930.processed.png
good,9,9,Paracetamol,Paracetamol,/var/www/html/joomla/images/padimages/msh/processed/35226.processed.png
bad,2,8,Starch,Benzyl Penicillin,/var/www/html/joomla/images/padimages/msh/processed/34279.processed.png
bad,5,7,Cellulose,Quinine,/var/www/html/joomla/images/padimages/msh/processed/35154.processed.png
bad,0,9,Paracetamol Starch,Paracetamol,/var/www/html/joomla/images/padimages/msh/processed/34278.processed.png
good,4,4,Amoxicillin,Amoxicillin,/var/www/html/joomla/images/padimages/msh/processed/Analyst_22-12LanePADKenya2015-1-27969.processed.png
good,7,7,Quinine,Quinine,/var/www/html/joomla/images/padimages/msh/processed/29407.processed.png
bad,5,1,Cellulose,Penicillin Procaine,/var/www/html/joomla/images/padimages/msh/processed/Analyst_22-12LanePADKenya2015-1-18088.processed.png
good,7,7,Quinine,Quinine,/var/www/html/joomla/images/padimages/msh/processed/35109.processed.png
good,7,7,Quinine,Quinine,/var/www/html/joomla/images/padimages/msh/processed/Analyst_22-12LanePADKenya2015-1-18102.processed.png
good,4,4,Amoxicillin,Amoxicillin,/var/www/html/joomla/images/padimages/msh/processed/32237.processed.png
bad,6,1,Vitamin C,Penicillin Procaine,/var/www/html/joomla/images/padimages/msh/processed/35105.processed.png
good,7,7,Quinine,Quinine,/var/www/html/joomla/images/padimages/msh/processed/Analyst_22-12LanePADKenya2015-1-22608.processed.png
bad,0,7,Paracetamol Starch,Quinine,/var/www/html/joomla/images/padimages/msh/processed/Analyst_22-12LanePADKenya2015-1-21707.processed.png
good,7,7,Quinine,Quinine,/var/www/html/joomla/images/padimages/msh/processed/35317.processed.png
good,7,7,Quinine,Quinine,/var/www/html/joomla/images/padimages/msh/processed/35062.processed.png
good,7,7,Quinine,Quinine,/var/www/html/joomla/images/padimages/msh/processed/29401.processed.png
good,7,7,Quinine,Quinine,/var/www/html/joomla/images/padimages/msh/processed/Analyst_22-12LanePADKenya2015-1-21197.processed.png
bad,5,7,Cellulose,Quinine,/var/www/html/joomla/images/padimages/msh/processed/Analyst_25-12LanePADKenya2015-1-19097.processed.png
good,1,1,Penicillin Procaine,Penicillin Procaine,/var/www/html/joomla/images/padimages/msh/processed/Analyst_25-12LanePADKenya2015-1-3063.processed.png
good,8,8,Benzyl Penicillin,Benzyl Penicillin,/var/www/html/joomla/images/padimages/msh/processed/Analyst_25-12LanePADKenya2015-1-24933.processed.png
good,8,8,Benzyl Penicillin,Benzyl Penicillin,/var/www/html/joomla/images/padimages/msh/processed/Analyst_25-12LanePADKenya2015-1-20515.processed.png
good,4,4,Amoxicillin,Amoxicillin,/var/www/html/joomla/images/padimages/msh/processed/Analyst_25-12LanePADKenya2015-1-26120.processed.png
bad,5,7,Cellulose,Quinine,/var/www/html/joomla/images/padimages/msh/processed/Analyst_25-12LanePADKenya2015-1-16223.processed.png
bad,5,7,Cellulose,Quinine,/var/www/html/joomla/images/padimages/msh/processed/Analyst_25-12LanePADKenya2015-1-11078.processed.png
good,8,8,Benzyl Penicillin,Benzyl Penicillin,/var/www/html/joomla/images/padimages/msh/processed/Analyst_25-12LanePADKenya2015-1-3008.processed.png
bad,3,7,Lactose,Quinine,/var/www/html/joomla/images/padimages/msh/processed/Analyst_25-12LanePADKenya2015-1-31087.processed.png
good,9,9,Paracetamol,Paracetamol,/var/www/html/joomla/images/padimages/msh/processed/Analyst_25-12LanePADKenya2015-1-28440.processed.png
bad,3,7,Lactose,Quinine,/var/www/html/joomla/images/padimages/msh/processed/Analyst_25-12LanePADKenya2015-1-11298.processed.png
bad,2,8,Starch,Benzyl Penicillin,/var/www/html/joomla/images/padimages/msh/processed/Analyst_25-12LanePADKenya2015-1-25273.processed.png
good,1,1,Penicillin Procaine,Penicillin Procaine,/var/www/html/joomla/images/padimages/msh/processed/Analyst_25-12LanePADKenya2015-1-11612.processed.png
bad,6,8,Vitamin C,Benzyl Penicillin,/var/www/html/joomla/images/padimages/msh/processed/Analyst_25-12LanePADKenya2015-1-22384.processed.png
bad,6,9,Vitamin C,Paracetamol,/var/www/html/joomla/images/padimages/msh/processed/Analyst_25-12LanePADKenya2015-1-27844.processed.png
bad,0,9,Paracetamol Starch,Paracetamol,/var/www/html/joomla/images/padimages/msh/processed/Analyst_25-12LanePADKenya2015-1-3105.processed.png
good,8,8,Benzyl Penicillin,Benzyl Penicillin,/var/www/html/joomla/images/padimages/msh/processed/Analyst_25-12LanePADKenya2015-1-21957.processed.png
good,1,1,Penicillin Procaine,Penicillin Procaine,/var/www/html/joomla/images/padimages/msh/processed/Analyst_25-12LanePADKenya2015-1-14645.processed.png
good,8,8,Benzyl Penicillin,Benzyl Penicillin,/var/www/html/joomla/images/padimages/msh/processed/Analyst_25-12LanePADKenya2015-1-27068.processed.png
bad,6,4,Vitamin C,Amoxicillin,/var/www/html/joomla/images/padimages/msh/processed/Analyst_25-12LanePADKenya2015-1-30506.processed.png
bad,5,8,Cellulose,Benzyl Penicillin,/var/www/html/joomla/images/padimages/msh/processed/Analyst_25-12LanePADKenya2015-1-24693.processed.png
good,9,9,Paracetamol,Paracetamol,/var/www/html/joomla/images/padimages/msh/processed/Analyst_25-12LanePADKenya2015-1-22710.processed.png
bad,6,9,Vitamin C,Paracetamol,/var/www/html/joomla/images/padimages/msh/processed/Analyst_25-12LanePADKenya2015-1-15264.processed.png
good,7,7,Quinine,Quinine,/var/www/html/joomla/images/padimages/msh/processed/Analyst_25-12LanePADKenya2015-1-25805.processed.png
good,4,4,Amoxicillin,Amoxicillin,/var/www/html/joomla/images/padimages/msh/processed/Analyst_25-12LanePADKenya2015-1-25165.processed.png
good,1,1,Penicillin Procaine,Penicillin Procaine,/var/www/html/joomla/images/padimages/msh/processed/Analyst_25-12LanePADKenya2015-1-32502.processed.png
good,7,7,Quinine,Quinine,/var/www/html/joomla/images/padimages/msh/processed/Analyst_25-12LanePADKenya2015-1-25412.processed.png
good,4,4,Amoxicillin,Amoxicillin,/var/www/html/joomla/images/padimages/msh/processed/Analyst_25-12LanePADKenya2015-1-14169.processed.png
bad,2,8,Starch,Benzyl Penicillin,/var/www/html/joomla/images/padimages/msh/processed/Analyst_25-12LanePADKenya2015-1-26333.processed.png
bad,6,1,Vitamin C,Penicillin Procaine,/var/www/html/joomla/images/padimages/msh/processed/Analyst_25-12LanePADKenya2015-1-27458.processed.png
good,1,1,Penicillin Procaine,Penicillin Procaine,/var/www/html/joomla/images/padimages/msh/processed/Analyst_25-12LanePADKenya2015-1-15518.processed.png
good,1,1,Penicillin Procaine,Penicillin Procaine,/var/www/html/joomla/images/padimages/msh/processed/32875.processed.png
bad,5,4,Cellulose,Amoxicillin,/var/www/html/joomla/images/padimages/msh/processed/35622.processed.png
bad,5,1,Cellulose,Penicillin Procaine,/var/www/html/joomla/images/padimages/msh/processed/33702.processed.png
bad,0,9,Paracetamol Starch,Paracetamol,/var/www/html/joomla/images/padimages/msh/processed/Analyst_40-12LanePADKenya2015-1-5265.processed.png
good,4,4,Amoxicillin,Amoxicillin,/var/www/html/joomla/images/padimages/msh/processed/35075.processed.png
bad,3,9,Lactose,Paracetamol,/var/www/html/joomla/images/padimages/msh/processed/Analyst_40-12LanePADKenya2015-1-24114.processed.png
good,8,8,Benzyl Penicillin,Benzyl Penicillin,/var/www/html/joomla/images/padimages/msh/processed/Analyst_40-12LanePADKenya2015-1-8826.processed.png
good,1,1,Penicillin Procaine,Penicillin Procaine,/var/www/html/joomla/images/padimages/msh/processed/Analyst_40-12LanePADKenya2015-1-7302.processed.png
good,8,8,Benzyl Penicillin,Benzyl Penicillin,/var/www/html/joomla/images/padimages/msh/processed/35233.processed.png
good,9,9,Paracetamol,Paracetamol,/var/www/html/joomla/images/padimages/msh/processed/35235.processed.png
bad,6,9,Vitamin C,Paracetamol,/var/www/html/joomla/images/padimages/msh/processed/35097.processed.png
bad,0,9,Paracetamol Starch,Paracetamol,/var/www/html/joomla/images/padimages/msh/processed/35237.processed.png
bad,5,8,Cellulose,Benzyl Penicillin,/var/www/html/joomla/images/padimages/msh/processed/Analyst_40-12LanePADKenya2015-1-7714.processed.png
bad,5,7,Cellulose,Quinine,/var/www/html/joomla/images/padimages/msh/processed/32488.processed.png
good,4,4,Amoxicillin,Amoxicillin,/var/www/html/joomla/images/padimages/msh/processed/Analyst_40-12LanePADKenya2015-1-12214.processed.png
bad,6,4,Vitamin C,Amoxicillin,/var/www/html/joomla/images/padimages/msh/processed/Analyst_40-12LanePADKenya2015-1-2667.processed.png
bad,3,9,Lactose,Paracetamol,/var/www/html/joomla/images/padimages/msh/processed/Analyst_40-12LanePADKenya2015-1-32023.processed.png
good,4,4,Amoxicillin,Amoxicillin,/var/www/html/joomla/images/padimages/msh/processed/32448.processed.png
good,4,4,Amoxicillin,Amoxicillin,/var/www/html/joomla/images/padimages/msh/processed/34987.processed.png
good,7,7,Quinine,Quinine,/var/www/html/joomla/images/padimages/msh/processed/Analyst_40-12LanePADKenya2015-1-26969.processed.png
good,4,4,Amoxicillin,Amoxicillin,/var/www/html/joomla/images/padimages/msh/processed/34985.processed.png
bad,6,8,Vitamin C,Benzyl Penicillin,/var/www/html/joomla/images/padimages/msh/processed/Analyst_40-12LanePADKenya2015-1-627.processed.png
good,8,8,Benzyl Penicillin,Benzyl Penicillin,/var/www/html/joomla/images/padimages/msh/processed/Analyst_40-12LanePADKenya2015-1-25613.processed.png
bad,6,4,Vitamin C,Amoxicillin,/var/www/html/joomla/images/padimages/msh/processed/34872.processed.png
bad,8,1,Benzyl Penicillin,Penicillin Procaine,/var/www/html/joomla/images/padimages/msh/processed/Analyst_40-12LanePADKenya2015-1-21271.processed.png
good,8,8,Benzyl Penicillin,Benzyl Penicillin,/var/www/html/joomla/images/padimages/msh/processed/Analyst_40-12LanePADKenya2015-1-8639.processed.png
bad,3,4,Lactose,Amoxicillin,/var/www/html/joomla/images/padimages/msh/processed/Analyst_40-12LanePADKenya2015-1-23605.processed.png
good,8,8,Benzyl Penicillin,Benzyl Penicillin,/var/www/html/joomla/images/padimages/msh/processed/Analyst_40-12LanePADKenya2015-1-12780.processed.png
bad,6,7,Vitamin C,Quinine,/var/www/html/joomla/images/padimages/msh/processed/35565.processed.png
good,9,9,Paracetamol,Paracetamol,/var/www/html/joomla/images/padimages/msh/processed/32428.processed.png
good,7,7,Quinine,Quinine,/var/www/html/joomla/images/padimages/msh/processed/32408.processed.png
bad,5,9,Cellulose,Paracetamol,/var/www/html/joomla/images/padimages/msh/processed/32425.processed.png
good,9,9,Paracetamol,Paracetamol,/var/www/html/joomla/images/padimages/msh/processed/32949.processed.png
bad,1,8,Penicillin Procaine,Benzyl Penicillin,/var/www/html/joomla/images/padimages/msh/processed/Analyst_24-12LanePADKenya2015-1-24286.processed.png
good,1,1,Penicillin Procaine,Penicillin Procaine,/var/www/html/joomla/images/padimages/msh/processed/34046.processed.png
bad,3,7,Lactose,Quinine,/var/www/html/joomla/images/padimages/msh/processed/Analyst_24-12LanePADKenya2015-1-16825.processed.png
good,1,1,Penicillin Procaine,Penicillin Procaine,/var/www/html/joomla/images/padimages/msh/processed/35025.processed.png
good,4,4,Amoxicillin,Amoxicillin,/var/www/html/joomla/images/padimages/msh/processed/Analyst_24-12LanePADKenya2015-1-6119.processed.png
bad,6,8,Vitamin C,Benzyl Penicillin,/var/www/html/joomla/images/padimages/msh/processed/35555.processed.png
bad,8,1,Benzyl Penicillin,Penicillin Procaine,/var/www/html/joomla/images/padimages/msh/processed/Analyst_24-12LanePADKenya2015-1-11062.processed.png
bad,6,8,Vitamin C,Benzyl Penicillin,/var/www/html/joomla/images/padimages/msh/processed/35554.processed.png
bad,0,9,Paracetamol Starch,Paracetamol,/var/www/html/joomla/images/padimages/msh/processed/Analyst_24-12LanePADKenya2015-1-31192.processed.png
bad,6,9,Vitamin C,Paracetamol,/var/www/html/joomla/images/padimages/msh/processed/35174.processed.png
bad,6,8,Vitamin C,Benzyl Penicillin,/var/www/html/joomla/images/padimages/msh/processed/35548.processed.png
bad,6,9,Vitamin C,Paracetamol,/var/www/html/joomla/images/padimages/msh/processed/35170.processed.png
good,8,8,Benzyl Penicillin,Benzyl Penicillin,/var/www/html/joomla/images/padimages/msh/processed/Analyst_24-12LanePADKenya2015-1-27309.processed.png
good,7,7,Quinine,Quinine,/var/www/html/joomla/images/padimages/msh/processed/36034.processed.png
bad,6,7,Vitamin C,Quinine,/var/www/html/joomla/images/padimages/msh/processed/Analyst_24-12LanePADKenya2015-1-23557.processed.png
good,7,7,Quinine,Quinine,/var/www/html/joomla/images/padimages/msh/processed/29779.processed.png
good,4,4,Amoxicillin,Amoxicillin,/var/www/html/joomla/images/padimages/msh/processed/29780.processed.png
bad,0,1,Paracetamol Starch,Penicillin Procaine,/var/www/html/joomla/images/padimages/msh/processed/Analyst_23-12LanePADKenya2015-1-13831.processed.png
good,7,7,Quinine,Quinine,/var/www/html/joomla/images/padimages/msh/processed/Analyst_23-12LanePADKenya2015-1-4695.processed.png
good,9,9,Paracetamol,Paracetamol,/var/www/html/joomla/images/padimages/msh/processed/Analyst_23-12LanePADKenya2015-1-8245.processed.png
bad,6,7,Vitamin C,Quinine,/var/www/html/joomla/images/padimages/msh/processed/Analyst_23-12LanePADKenya2015-1-6267.processed.png
good,9,9,Paracetamol,Paracetamol,/var/www/html/joomla/images/padimages/msh/processed/Analyst_23-12LanePADKenya2015-1-26554.processed.png
good,1,1,Penicillin Procaine,Penicillin Procaine,/var/www/html/joomla/images/padimages/msh/processed/35459.processed.png
good,9,9,Paracetamol,Paracetamol,/var/www/html/joomla/images/padimages/msh/processed/Analyst_23-12LanePADKenya2015-1-30093.processed.png
bad,6,4,Vitamin C,Amoxicillin,/var/www/html/joomla/images/padimages/msh/processed/Analyst_23-12LanePADKenya2015-1-25470.processed.png
bad,5,7,Cellulose,Quinine,/var/www/html/joomla/images/padimages/msh/processed/Analyst_23-12LanePADKenya2015-1-21662.processed.png
bad,6,8,Vitamin C,Benzyl Penicillin,/var/www/html/joomla/images/padimages/msh/processed/Analyst_23-12LanePADKenya2015-1-11339.processed.png
bad,5,9,Cellulose,Paracetamol,/var/www/html/joomla/images/padimages/msh/processed/34733.processed.png
bad,0,9,Paracetamol Starch,Paracetamol,/var/www/html/joomla/images/padimages/msh/processed/34706.processed.png
good,9,9,Paracetamol,Paracetamol,/var/www/html/joomla/images/padimages/msh/processed/34728.processed.png
bad,5,7,Cellulose,Quinine,/var/www/html/joomla/images/padimages/msh/processed/34251.processed.png
good,8,8,Benzyl Penicillin,Benzyl Penicillin,/var/www/html/joomla/images/padimages/msh/processed/Analyst_23-12LanePADKenya2015-1-13802.processed.png
bad,6,4,Vitamin C,Amoxicillin,/var/www/html/joomla/images/padimages/msh/processed/34246.processed.png
good,9,9,Paracetamol,Paracetamol,/var/www/html/joomla/images/padimages/msh/processed/30092.processed.png
good,9,9,Paracetamol,Paracetamol,/var/www/html/joomla/images/padimages/msh/processed/35971.processed.png
good,9,9,Paracetamol,Paracetamol,/var/www/html/joomla/images/padimages/msh/processed/34905.processed.png
good,9,9,Paracetamol,Paracetamol,/var/www/html/joomla/images/padimages/msh/processed/34904.processed.png
bad,6,8,Vitamin C,Benzyl Penicillin,/var/www/html/joomla/images/padimages/msh/processed/34537.processed.png
bad,6,8,Vitamin C,Benzyl Penicillin,/var/www/html/joomla/images/padimages/msh/processed/34539.processed.png
good,4,4,Amoxicillin,Amoxicillin,/var/www/html/joomla/images/padimages/msh/processed/34523.processed.png
bad,5,4,Cellulose,Amoxicillin,/var/www/html/joomla/images/padimages/msh/processed/34484.processed.png
bad,3,8,Lactose,Benzyl Penicillin,/var/www/html/joomla/images/padimages/msh/processed/34543.processed.png
good,8,8,Benzyl Penicillin,Benzyl Penicillin,/var/www/html/joomla/images/padimages/msh/processed/Analyst_34-12LanePADKenya2015-1-27046.processed.png
bad,6,4,Vitamin C,Amoxicillin,/var/www/html/joomla/images/padimages/msh/processed/Analyst_34-12LanePADKenya2015-1-16807.processed.png
good,7,7,Quinine,Quinine,/var/www/html/joomla/images/padimages/msh/processed/Analyst_34-12LanePADKenya2015-1-1847.processed.png
good,7,7,Quinine,Quinine,/var/www/html/joomla/images/padimages/msh/processed/Analyst_34-12LanePADKenya2015-1-7325.processed.png
good,8,8,Benzyl Penicillin,Benzyl Penicillin,/var/www/html/joomla/images/padimages/msh/processed/34527.processed.png
bad,6,4,Vitamin C,Amoxicillin,/var/www/html/joomla/images/padimages/msh/processed/34602.processed.png
good,4,4,Amoxicillin,Amoxicillin,/var/www/html/joomla/images/padimages/msh/processed/34603.processed.png
good,7,7,Quinine,Quinine,/var/www/html/joomla/images/padimages/msh/processed/34591.processed.png
good,1,1,Penicillin Procaine,Penicillin Procaine,/var/www/html/joomla/images/padimages/msh/processed/Analyst_34-12LanePADKenya2015-1-23145.processed.png
good,8,8,Benzyl Penicillin,Benzyl Penicillin,/var/www/html/joomla/images/padimages/msh/processed/34585.processed.png
bad,6,7,Vitamin C,Quinine,/var/www/html/joomla/images/padimages/msh/processed/Analyst_34-12LanePADKenya2015-1-3715.processed.png
good,9,9,Paracetamol,Paracetamol,/var/www/html/joomla/images/padimages/msh/processed/Analyst_34-12LanePADKenya2015-1-20002.processed.png
bad,3,4,Lactose,Amoxicillin,/var/www/html/joomla/images/padimages/msh/processed/34577.processed.png
bad,6,7,Vitamin C,Quinine,/var/www/html/joomla/images/padimages/msh/processed/34590.processed.png
bad,5,9,Cellulose,Paracetamol,/var/www/html/joomla/images/padimages/msh/processed/32452.processed.png
good,1,1,Penicillin Procaine,Penicillin Procaine,/var/www/html/joomla/images/padimages/msh/processed/Analyst_34-12LanePADKenya2015-1-20393.processed.png
bad,6,1,Vitamin C,Penicillin Procaine,/var/www/html/joomla/images/padimages/msh/processed/30764.processed.png
good,4,4,Amoxicillin,Amoxicillin,/var/www/html/joomla/images/padimages/msh/processed/34581.processed.png
bad,6,8,Vitamin C,Benzyl Penicillin,/var/www/html/joomla/images/padimages/msh/processed/33910.processed.png
bad,6,8,Vitamin C,Benzyl Penicillin,/var/www/html/joomla/images/padimages/msh/processed/Analyst_34-12LanePADKenya2015-1-29933.processed.png
bad,5,4,Cellulose,Amoxicillin,/var/www/html/joomla/images/padimages/msh/processed/33807.processed.png
bad,6,4,Vitamin C,Amoxicillin,/var/www/html/joomla/images/padimages/msh/processed/33818.processed.png
good,4,4,Amoxicillin,Amoxicillin,/var/www/html/joomla/images/padimages/msh/processed/33804.processed.png
bad,3,1,Lactose,Penicillin Procaine,/var/www/html/joomla/images/padimages/msh/processed/Analyst_33-12LanePADKenya2015-1-16033.processed.png
good,1,1,Penicillin Procaine,Penicillin Procaine,/var/www/html/joomla/images/padimages/msh/processed/Analyst_33-12LanePADKenya2015-1-17393.processed.png
bad,2,1,Starch,Penicillin Procaine,/var/www/html/joomla/images/padimages/msh/processed/Analyst_33-12LanePADKenya2015-1-7981.processed.png
good,1,1,Penicillin Procaine,Penicillin Procaine,/var/www/html/joomla/images/padimages/msh/processed/Analyst_33-12LanePADKenya2015-1-10654.processed.png
good,9,9,Paracetamol,Paracetamol,/var/www/html/joomla/images/padimages/msh/processed/Analyst_33-12LanePADKenya2015-1-14526.processed.png
bad,1,8,Penicillin Procaine,Benzyl Penicillin,/var/www/html/joomla/images/padimages/msh/processed/Analyst_33-12LanePADKenya2015-1-12969.processed.png
good,8,8,Benzyl Penicillin,Benzyl Penicillin,/var/www/html/joomla/images/padimages/msh/processed/Analyst_33-12LanePADKenya2015-1-16425.processed.png
good,8,8,Benzyl Penicillin,Benzyl Penicillin,/var/www/html/joomla/images/padimages/msh/processed/Analyst_33-12LanePADKenya2015-1-10995.processed.png
good,7,7,Quinine,Quinine,/var/www/html/joomla/images/padimages/msh/processed/Analyst_33-12LanePADKenya2015-1-15749.processed.png
good,1,1,Penicillin Procaine,Penicillin Procaine,/var/www/html/joomla/images/padimages/msh/processed/Analyst_33-12LanePADKenya2015-1-7499.processed.png
bad,3,1,Lactose,Penicillin Procaine,/var/www/html/joomla/images/padimages/msh/processed/Analyst_33-12LanePADKenya2015-1-11012.processed.png
good,1,1,Penicillin Procaine,Penicillin Procaine,/var/www/html/joomla/images/padimages/msh/processed/Analyst_33-12LanePADKenya2015-1-6967.processed.png
bad,3,4,Lactose,Amoxicillin,/var/www/html/joomla/images/padimages/msh/processed/Analyst_33-12LanePADKenya2015-1-13420.processed.png
good,4,4,Amoxicillin,Amoxicillin,/var/www/html/joomla/images/padimages/msh/processed/Analyst_33-12LanePADKenya2015-1-11891.processed.png
bad,5,1,Cellulose,Penicillin Procaine,/var/www/html/joomla/images/padimages/msh/processed/Analyst_33-12LanePADKenya2015-1-745.processed.png
good,4,4,Amoxicillin,Amoxicillin,/var/www/html/joomla/images/padimages/msh/processed/Analyst_33-12LanePADKenya2015-1-24720.processed.png
bad,6,4,Vitamin C,Amoxicillin,/var/www/html/joomla/images/padimages/msh/processed/Analyst_33-12LanePADKenya2015-1-21685.processed.png
good,4,4,Amoxicillin,Amoxicillin,/var/www/html/joomla/images/padimages/msh/processed/Analyst_33-12LanePADKenya2015-1-7838.processed.png
bad,2,7,Starch,Quinine,/var/www/html/joomla/images/padimages/msh/processed/Analyst_33-12LanePADKenya2015-1-27157.processed.png
bad,2,9,Starch,Paracetamol,/var/www/html/joomla/images/padimages/msh/processed/Analyst_33-12LanePADKenya2015-1-19086.processed.png
bad,3,8,Lactose,Benzyl Penicillin,/var/www/html/joomla/images/padimages/msh/processed/Analyst_33-12LanePADKenya2015-1-17298.processed.png
good,9,9,Paracetamol,Paracetamol,/var/www/html/joomla/images/padimages/msh/processed/Analyst_33-12LanePADKenya2015-1-15425.processed.png
good,9,9,Paracetamol,Paracetamol,/var/www/html/joomla/images/padimages/msh/processed/Analyst_33-12LanePADKenya2015-1-30443.processed.png
bad,0,9,Paracetamol Starch,Paracetamol,/var/www/html/joomla/images/padimages/msh/processed/Analyst_33-12LanePADKenya2015-1-30379.processed.png
bad,6,9,Vitamin C,Paracetamol,/var/www/html/joomla/images/padimages/msh/processed/Analyst_33-12LanePADKenya2015-1-27970.processed.png
bad,2,7,Starch,Quinine,/var/www/html/joomla/images/padimages/msh/processed/Analyst_33-12LanePADKenya2015-1-18014.processed.png
good,7,7,Quinine,Quinine,/var/www/html/joomla/images/padimages/msh/processed/35015.processed.png
good,8,8,Benzyl Penicillin,Benzyl Penicillin,/var/www/html/joomla/images/padimages/msh/processed/Analyst_32-12LanePADKenya2015-1-26771.processed.png
bad,5,9,Cellulose,Paracetamol,/var/www/html/joomla/images/padimages/msh/processed/Analyst_32-12LanePADKenya2015-1-25385.processed.png
bad,6,9,Vitamin C,Paracetamol,/var/www/html/joomla/images/padimages/msh/processed/29881.processed.png
good,9,9,Paracetamol,Paracetamol,/var/www/html/joomla/images/padimages/msh/processed/35013.processed.png
good,1,1,Penicillin Procaine,Penicillin Procaine,/var/www/html/joomla/images/padimages/msh/processed/35191.processed.png
good,8,8,Benzyl Penicillin,Benzyl Penicillin,/var/www/html/joomla/images/padimages/msh/processed/Analyst_32-12LanePADKenya2015-1-14174.processed.png
bad,5,7,Cellulose,Quinine,/var/www/html/joomla/images/padimages/msh/processed/Analyst_32-12LanePADKenya2015-1-29984.processed.png
bad,2,8,Starch,Benzyl Penicillin,/var/www/html/joomla/images/padimages/msh/processed/35186.processed.png
good,4,4,Amoxicillin,Amoxicillin,/var/www/html/joomla/images/padimages/msh/processed/34297.processed.png
good,7,7,Quinine,Quinine,/var/www/html/joomla/images/padimages/msh/processed/Analyst_32-12LanePADKenya2015-1-7992.processed.png
good,4,4,Amoxicillin,Amoxicillin,/var/www/html/joomla/images/padimages/msh/processed/35113.processed.png
bad,2,9,Starch,Paracetamol,/var/www/html/joomla/images/padimages/msh/processed/34295.processed.png
good,9,9,Paracetamol,Paracetamol,/var/www/html/joomla/images/padimages/msh/processed/36214.processed.png
good,9,9,Paracetamol,Paracetamol,/var/www/html/joomla/images/padimages/msh/processed/Analyst_32-12LanePADKenya2015-1-7626.processed.png
good,8,8,Benzyl Penicillin,Benzyl Penicillin,/var/www/html/joomla/images/padimages/msh/processed/34266.processed.png
good,4,4,Amoxicillin,Amoxicillin,/var/www/html/joomla/images/padimages/msh/processed/34750.processed.png
bad,0,9,Paracetamol Starch,Paracetamol,/var/www/html/joomla/images/padimages/msh/processed/32910.processed.png
bad,0,9,Paracetamol Starch,Paracetamol,/var/www/html/joomla/images/padimages/msh/processed/32433.processed.png
bad,3,7,Lactose,Quinine,/var/www/html/joomla/images/padimages/msh/processed/32946.processed.png
good,8,8,Benzyl Penicillin,Benzyl Penicillin,/var/www/html/joomla/images/padimages/msh/processed/30029.processed.png
bad,3,1,Lactose,Penicillin Procaine,/var/www/html/joomla/images/padimages/msh/processed/Analyst_32-12LanePADKenya2015-1-15324.processed.png
bad,6,7,Vitamin C,Quinine,/var/www/html/joomla/images/padimages/msh/processed/Analyst_32-12LanePADKenya2015-1-31741.processed.png
bad,3,1,Lactose,Penicillin Procaine,/var/www/html/joomla/images/padimages/msh/processed/Analyst_32-12LanePADKenya2015-1-3566.processed.png
good,9,9,Paracetamol,Paracetamol,/var/www/html/joomla/images/padimages/msh/processed/32911.processed.png
good,7,7,Quinine,Quinine,/var/www/html/joomla/images/padimages/msh/processed/Analyst_32-12LanePADKenya2015-1-18374.processed.png
good,1,1,Penicillin Procaine,Penicillin Procaine,/var/www/html/joomla/images/padimages/msh/processed/Analyst_35-12LanePADKenya2015-1-7037.processed.png
bad,6,1,Vitamin C,Penicillin Procaine,/var/www/html/joomla/images/padimages/msh/processed/32756.processed.png
bad,2,1,Starch,Penicillin Procaine,/var/www/html/joomla/images/padimages/msh/processed/36249.processed.png
good,1,1,Penicillin Procaine,Penicillin Procaine,/var/www/html/joomla/images/padimages/msh/processed/Analyst_35-12LanePADKenya2015-1-12285.processed.png
bad,6,8,Vitamin C,Benzyl Penicillin,/var/www/html/joomla/images/padimages/msh/processed/Analyst_35-12LanePADKenya2015-1-9268.processed.png
good,1,1,Penicillin Procaine,Penicillin Procaine,/var/www/html/joomla/images/padimages/msh/processed/32329.processed.png
bad,0,9,Paracetamol Starch,Paracetamol,/var/www/html/joomla/images/padimages/msh/processed/Analyst_35-12LanePADKenya2015-1-11296.processed.png
good,9,9,Paracetamol,Paracetamol,/var/www/html/joomla/images/padimages/msh/processed/31976.processed.png
bad,5,8,Cellulose,Benzyl Penicillin,/var/www/html/joomla/images/padimages/msh/processed/Analyst_35-12LanePADKenya2015-1-20186.processed.png
good,8,8,Benzyl Penicillin,Benzyl Penicillin,/var/www/html/joomla/images/padimages/msh/processed/Analyst_35-12LanePADKenya2015-1-29649.processed.png
bad,6,4,Vitamin C,Amoxicillin,/var/www/html/joomla/images/padimages/msh/processed/Analyst_35-12LanePADKenya2015-1-19107.processed.png
bad,0,9,Paracetamol Starch,Paracetamol,/var/www/html/joomla/images/padimages/msh/processed/32331.processed.png
bad,3,7,Lactose,Quinine,/var/www/html/joomla/images/padimages/msh/processed/Analyst_35-12LanePADKenya2015-1-18118.processed.png
bad,3,8,Lactose,Benzyl Penicillin,/var/www/html/joomla/images/padimages/msh/processed/35586.processed.png
bad,6,7,Vitamin C,Quinine,/var/www/html/joomla/images/padimages/msh/processed/Analyst_35-12LanePADKenya2015-1-10396.processed.png
bad,6,9,Vitamin C,Paracetamol,/var/www/html/joomla/images/padimages/msh/processed/Analyst_35-12LanePADKenya2015-1-15835.processed.png
good,9,9,Paracetamol,Paracetamol,/var/www/html/joomla/images/padimages/msh/processed/35577.processed.png
bad,6,7,Vitamin C,Quinine,/var/www/html/joomla/images/padimages/msh/processed/Analyst_35-12LanePADKenya2015-1-24013.processed.png
good,9,9,Paracetamol,Paracetamol,/var/www/html/joomla/images/padimages/msh/processed/Analyst_35-12LanePADKenya2015-1-16435.processed.png
good,7,7,Quinine,Quinine,/var/www/html/joomla/images/padimages/msh/processed/35568.processed.png
good,9,9,Paracetamol,Paracetamol,/var/www/html/joomla/images/padimages/msh/processed/35573.processed.png
good,8,8,Benzyl Penicillin,Benzyl Penicillin,/var/www/html/joomla/images/padimages/msh/processed/35826.processed.png
good,7,7,Quinine,Quinine,/var/www/html/joomla/images/padimages/msh/processed/Analyst_35-12LanePADKenya2015-1-14457.processed.png
bad,0,1,Paracetamol Starch,Penicillin Procaine,/var/www/html/joomla/images/padimages/msh/processed/32795.processed.png
good,9,9,Paracetamol,Paracetamol,/var/www/html/joomla/images/padimages/msh/processed/Analyst_26-12LanePADKenya2015-1-7665.processed.png
bad,6,4,Vitamin C,Amoxicillin,/var/www/html/joomla/images/padimages/msh/processed/32527.processed.png
good,7,7,Quinine,Quinine,/var/www/html/joomla/images/padimages/msh/processed/Analyst_26-12LanePADKenya2015-1-30450.processed.png
good,4,4,Amoxicillin,Amoxicillin,/var/www/html/joomla/images/padimages/msh/processed/Analyst_26-12LanePADKenya2015-1-5085.processed.png
good,9,9,Paracetamol,Paracetamol,/var/www/html/joomla/images/padimages/msh/processed/Analyst_26-12LanePADKenya2015-1-6648.processed.png
bad,5,8,Cellulose,Benzyl Penicillin,/var/www/html/joomla/images/padimages/msh/processed/Analyst_26-12LanePADKenya2015-1-1845.processed.png
good,9,9,Paracetamol,Paracetamol,/var/www/html/joomla/images/padimages/msh/processed/Analyst_26-12LanePADKenya2015-1-23096.processed.png
good,8,8,Benzyl Penicillin,Benzyl Penicillin,/var/www/html/joomla/images/padimages/msh/processed/35854.processed.png
good,8,8,Benzyl Penicillin,Benzyl Penicillin,/var/www/html/joomla/images/padimages/msh/processed/31770.processed.png
bad,6,1,Vitamin C,Penicillin Procaine,/var/www/html/joomla/images/padimages/msh/processed/35921.processed.png
good,7,7,Quinine,Quinine,/var/www/html/joomla/images/padimages/msh/processed/31769.processed.png
good,8,8,Benzyl Penicillin,Benzyl Penicillin,/var/www/html/joomla/images/padimages/msh/processed/32959.processed.png
good,4,4,Amoxicillin,Amoxicillin,/var/www/html/joomla/images/padimages/msh/processed/34346.processed.png
good,4,4,Amoxicillin,Amoxicillin,/var/www/html/joomla/images/padimages/msh/processed/34344.processed.png
good,4,4,Amoxicillin,Amoxicillin,/var/www/html/joomla/images/padimages/msh/processed/Analyst_26-12LanePADKenya2015-1-9436.processed.png
bad,3,7,Lactose,Quinine,/var/www/html/joomla/images/padimages/msh/processed/35306.processed.png
bad,6,8,Vitamin C,Benzyl Penicillin,/var/www/html/joomla/images/padimages/msh/processed/35207.processed.png
good,1,1,Penicillin Procaine,Penicillin Procaine,/var/www/html/joomla/images/padimages/msh/processed/35976.processed.png
bad,6,4,Vitamin C,Amoxicillin,/var/www/html/joomla/images/padimages/msh/processed/35995.processed.png
bad,0,7,Paracetamol Starch,Quinine,/var/www/html/joomla/images/padimages/msh/processed/35994.processed.png
bad,0,9,Paracetamol Starch,Paracetamol,/var/www/html/joomla/images/padimages/msh/processed/analyst_21-12LanePADKenya2015-1-4641.processed.png
good,4,4,Amoxicillin,Amoxicillin,/var/www/html/joomla/images/padimages/msh/processed/34901.processed.png
bad,6,9,Vitamin C,Paracetamol,/var/www/html/joomla/images/padimages/msh/processed/35813.processed.png
bad,5,4,Cellulose,Amoxicillin,/var/www/html/joomla/images/padimages/msh/processed/33763.processed.png
good,7,7,Quinine,Quinine,/var/www/html/joomla/images/padimages/msh/processed/30340.processed.png
good,1,1,Penicillin Procaine,Penicillin Procaine,/var/www/html/joomla/images/padimages/msh/processed/analyst_21-12LanePADKenya2015-1-16038.processed.png
good,1,1,Penicillin Procaine,Penicillin Procaine,/var/www/html/joomla/images/padimages/msh/processed/30110.processed.png
bad,6,9,Vitamin C,Paracetamol,/var/www/html/joomla/images/padimages/msh/processed/analyst_21-12LanePADKenya2015-1-23144.processed.png
good,8,8,Benzyl Penicillin,Benzyl Penicillin,/var/www/html/joomla/images/padimages/msh/processed/analyst_21-12LanePADKenya2015-1-23690.processed.png
good,7,7,Quinine,Quinine,/var/www/html/joomla/images/padimages/msh/processed/30137.processed.png
good,7,7,Quinine,Quinine,/var/www/html/joomla/images/padimages/msh/processed/analyst_21-12LanePADKenya2015-1-14692.processed.png
bad,3,1,Lactose,Penicillin Procaine,/var/www/html/joomla/images/padimages/msh/processed/30109.processed.png
bad,5,1,Cellulose,Penicillin Procaine,/var/www/html/joomla/images/padimages/msh/processed/30140.processed.png
good,7,7,Quinine,Quinine,/var/www/html/joomla/images/padimages/msh/processed/30142.processed.png
bad,5,1,Cellulose,Penicillin Procaine,/var/www/html/joomla/images/padimages/msh/processed/analyst_21-12LanePADKenya2015-1-12878.processed.png
bad,6,7,Vitamin C,Quinine,/var/www/html/joomla/images/padimages/msh/processed/34135.processed.png
good,1,1,Penicillin Procaine,Penicillin Procaine,/var/www/html/joomla/images/padimages/msh/processed/analyst_21-12LanePADKenya2015-1-15455.processed.png
good,7,7,Quinine,Quinine,/var/www/html/joomla/images/padimages/msh/processed/31749.processed.png
good,8,8,Benzyl Penicillin,Benzyl Penicillin,/var/www/html/joomla/images/padimages/msh/processed/35352.processed.png
bad,6,7,Vitamin C,Quinine,/var/www/html/joomla/images/padimages/msh/processed/35355.processed.png
bad,6,4,Vitamin C,Amoxicillin,/var/www/html/joomla/images/padimages/msh/processed/analyst_21-12LanePADKenya2015-1-13639.processed.png
bad,6,4,Vitamin C,Amoxicillin,/var/www/html/joomla/images/padimages/msh/processed/analyst_21-12LanePADKenya2015-1-27547.processed.png
bad,0,9,Paracetamol Starch,Paracetamol,/var/www/html/joomla/images/padimages/msh/processed/35364.processed.png
bad,6,7,Vitamin C,Quinine,/var/www/html/joomla/images/padimages/msh/processed/31719.processed.png
good,9,9,Paracetamol,Paracetamol,/var/www/html/joomla/images/padimages/msh/processed/32707.processed.png
bad,6,4,Vitamin C,Amoxicillin,/var/www/html/joomla/images/padimages/msh/processed/30082.processed.png
bad,0,7,Paracetamol Starch,Quinine,/var/www/html/joomla/images/padimages/msh/processed/Analyst_28-12LanePADKenya2015-1-7337.processed.png
good,1,1,Penicillin Procaine,Penicillin Procaine,/var/www/html/joomla/images/padimages/msh/processed/Analyst_28-12LanePADKenya2015-1-18917.processed.png
good,8,8,Benzyl Penicillin,Benzyl Penicillin,/var/www/html/joomla/images/padimages/msh/processed/31625.processed.png
bad,6,7,Vitamin C,Quinine,/var/www/html/joomla/images/padimages/msh/processed/Analyst_28-12LanePADKenya2015-1-28600.processed.png
bad,3,8,Lactose,Benzyl Penicillin,/var/www/html/joomla/images/padimages/msh/processed/31602.processed.png
bad,8,1,Benzyl Penicillin,Penicillin Procaine,/var/www/html/joomla/images/padimages/msh/processed/31620.processed.png
bad,5,7,Cellulose,Quinine,/var/www/html/joomla/images/padimages/msh/processed/Analyst_28-12LanePADKenya2015-1-12599.processed.png
good,8,8,Benzyl Penicillin,Benzyl Penicillin,/var/www/html/joomla/images/padimages/msh/processed/Analyst_28-12LanePADKenya2015-1-13646.processed.png
good,8,8,Benzyl Penicillin,Benzyl Penicillin,/var/www/html/joomla/images/padimages/msh/processed/Analyst_28-12LanePADKenya2015-1-24668.processed.png
good,8,8,Benzyl Penicillin,Benzyl Penicillin,/var/www/html/joomla/images/padimages/msh/processed/34308.processed.png
good,9,9,Paracetamol,Paracetamol,/var/www/html/joomla/images/padimages/msh/processed/Analyst_28-12LanePADKenya2015-1-10512.processed.png
good,7,7,Quinine,Quinine,/var/www/html/joomla/images/padimages/msh/processed/Analyst_28-12LanePADKenya2015-1-3537.processed.png
good,1,1,Penicillin Procaine,Penicillin Procaine,/var/www/html/joomla/images/padimages/msh/processed/Analyst_28-12LanePADKenya2015-1-8573.processed.png
bad,6,1,Vitamin C,Penicillin Procaine,/var/www/html/joomla/images/padimages/msh/processed/Analyst_28-12LanePADKenya2015-1-16681.processed.png
bad,5,4,Cellulose,Amoxicillin,/var/www/html/joomla/images/padimages/msh/processed/35291.processed.png
bad,6,4,Vitamin C,Amoxicillin,/var/www/html/joomla/images/padimages/msh/processed/Analyst_28-12LanePADKenya2015-1-3222.processed.png
good,1,1,Penicillin Procaine,Penicillin Procaine,/var/www/html/joomla/images/padimages/msh/processed/Analyst_28-12LanePADKenya2015-1-17032.processed.png
bad,6,4,Vitamin C,Amoxicillin,/var/www/html/joomla/images/padimages/msh/processed/Analyst_28-12LanePADKenya2015-1-21648.processed.png
good,7,7,Quinine,Quinine,/var/www/html/joomla/images/padimages/msh/processed/Analyst_28-12LanePADKenya2015-1-11172.processed.png
bad,6,1,Vitamin C,Penicillin Procaine,/var/www/html/joomla/images/padimages/msh/processed/31677.processed.png
bad,2,4,Starch,Amoxicillin,/var/www/html/joomla/images/padimages/msh/processed/Analyst_28-12LanePADKenya2015-1-2624.processed.png
good,7,7,Quinine,Quinine,/var/www/html/joomla/images/padimages/msh/processed/Analyst_28-12LanePADKenya2015-1-8124.processed.png
bad,0,9,Paracetamol Starch,Paracetamol,/var/www/html/joomla/images/padimages/msh/processed/Analyst_29-12LanePADKenya2015-1-14254.processed.png
bad,6,7,Vitamin C,Quinine,/var/www/html/joomla/images/padimages/msh/processed/34184.processed.png
good,7,7,Quinine,Quinine,/var/www/html/joomla/images/padimages/msh/processed/Analyst_29-12LanePADKenya2015-1-3768.processed.png
good,9,9,Paracetamol,Paracetamol,/var/www/html/joomla/images/padimages/msh/processed/30301.processed.png
good,8,8,Benzyl Penicillin,Benzyl Penicillin,/var/www/html/joomla/images/padimages/msh/processed/Analyst_29-12LanePADKenya2015-1-28355.processed.png
good,9,9,Paracetamol,Paracetamol,/var/www/html/joomla/images/padimages/msh/processed/Analyst_29-12LanePADKenya2015-1-23219.processed.png
bad,6,4,Vitamin C,Amoxicillin,/var/www/html/joomla/images/padimages/msh/processed/34173.processed.png
bad,3,8,Lactose,Benzyl Penicillin,/var/www/html/joomla/images/padimages/msh/processed/30217.processed.png
good,4,4,Amoxicillin,Amoxicillin,/var/www/html/joomla/images/padimages/msh/processed/34167.processed.png
bad,8,1,Benzyl Penicillin,Penicillin Procaine,/var/www/html/joomla/images/padimages/msh/processed/Analyst_29-12LanePADKenya2015-1-23387.processed.png
good,1,1,Penicillin Procaine,Penicillin Procaine,/var/www/html/joomla/images/padimages/msh/processed/Analyst_29-12LanePADKenya2015-1-28832.processed.png
bad,6,1,Vitamin C,Penicillin Procaine,/var/www/html/joomla/images/padimages/msh/processed/Analyst_29-12LanePADKenya2015-1-8731.processed.png
bad,6,1,Vitamin C,Penicillin Procaine,/var/www/html/joomla/images/padimages/msh/processed/35505.processed.png
good,7,7,Quinine,Quinine,/var/www/html/joomla/images/padimages/msh/processed/31852.processed.png
bad,6,1,Vitamin C,Penicillin Procaine,/var/www/html/joomla/images/padimages/msh/processed/35511.processed.png
good,1,1,Penicillin Procaine,Penicillin Procaine,/var/www/html/joomla/images/padimages/msh/processed/35504.processed.png
good,9,9,Paracetamol,Paracetamol,/var/www/html/joomla/images/padimages/msh/processed/31833.processed.png
bad,2,8,Starch,Benzyl Penicillin,/var/www/html/joomla/images/padimages/msh/processed/33745.processed.png
good,9,9,Paracetamol,Paracetamol,/var/www/html/joomla/images/padimages/msh/processed/34016.processed.png
good,7,7,Quinine,Quinine,/var/www/html/joomla/images/padimages/msh/processed/34017.processed.png
bad,2,9,Starch,Paracetamol,/var/www/html/joomla/images/padimages/msh/processed/33996.processed.png
bad,3,8,Lactose,Benzyl Penicillin,/var/www/html/joomla/images/padimages/msh/processed/34238.processed.png
good,4,4,Amoxicillin,Amoxicillin,/var/www/html/joomla/images/padimages/msh/processed/Analyst_29-12LanePADKenya2015-1-747.processed.png
good,9,9,Paracetamol,Paracetamol,/var/www/html/joomla/images/padimages/msh/processed/34001.processed.png
good,8,8,Benzyl Penicillin,Benzyl Penicillin,/var/www/html/joomla/images/padimages/msh/processed/Analyst_29-12LanePADKenya2015-1-15082.processed.png
bad,3,7,Lactose,Quinine,/var/www/html/joomla/images/padimages/msh/processed/35942.processed.png
good,8,8,Benzyl Penicillin,Benzyl Penicillin,/var/www/html/joomla/images/padimages/msh/processed/Analyst_27-12LanePADKenya2015-1-14792.processed.png
good,1,1,Penicillin Procaine,Penicillin Procaine,/var/www/html/joomla/images/padimages/msh/processed/Analyst_27-12LanePADKenya2015-1-31132.processed.png
bad,3,1,Lactose,Penicillin Procaine,/var/www/html/joomla/images/padimages/msh/processed/Analyst_27-12LanePADKenya2015-1-20658.processed.png
good,4,4,Amoxicillin,Amoxicillin,/var/www/html/joomla/images/padimages/msh/processed/Analyst_27-12LanePADKenya2015-1-10901.processed.png
good,7,7,Quinine,Quinine,/var/www/html/joomla/images/padimages/msh/processed/Analyst_27-12LanePADKenya2015-1-4182.processed.png
good,1,1,Penicillin Procaine,Penicillin Procaine,/var/www/html/joomla/images/padimages/msh/processed/Analyst_27-12LanePADKenya2015-1-4234.processed.png
good,1,1,Penicillin Procaine,Penicillin Procaine,/var/www/html/joomla/images/padimages/msh/processed/Analyst_27-12LanePADKenya2015-1-14921.processed.png
good,4,4,Amoxicillin,Amoxicillin,/var/www/html/joomla/images/padimages/msh/processed/Analyst_27-12LanePADKenya2015-1-16407.processed.png
good,9,9,Paracetamol,Paracetamol,/var/www/html/joomla/images/padimages/msh/processed/Analyst_27-12LanePADKenya2015-1-23783.processed.png
bad,3,9,Lactose,Paracetamol,/var/www/html/joomla/images/padimages/msh/processed/Analyst_27-12LanePADKenya2015-1-26067.processed.png
bad,6,9,Vitamin C,Paracetamol,/var/www/html/joomla/images/padimages/msh/processed/Analyst_27-12LanePADKenya2015-1-18284.processed.png
bad,6,8,Vitamin C,Benzyl Penicillin,/var/www/html/joomla/images/padimages/msh/processed/Analyst_27-12LanePADKenya2015-1-32715.processed.png
good,8,8,Benzyl Penicillin,Benzyl Penicillin,/var/www/html/joomla/images/padimages/msh/processed/Analyst_27-12LanePADKenya2015-1-24868.processed.png
good,4,4,Amoxicillin,Amoxicillin,/var/www/html/joomla/images/padimages/msh/processed/Analyst_27-12LanePADKenya2015-1-1027.processed.png
good,9,9,Paracetamol,Paracetamol,/var/www/html/joomla/images/padimages/msh/processed/Analyst_27-12LanePADKenya2015-1-25349.processed.png
bad,5,4,Cellulose,Amoxicillin,/var/www/html/joomla/images/padimages/msh/processed/Analyst_27-12LanePADKenya2015-1-9513.processed.png
bad,0,8,Paracetamol Starch,Benzyl Penicillin,/var/www/html/joomla/images/padimages/msh/processed/Analyst_27-12LanePADKenya2015-1-9835.processed.png
good,8,8,Benzyl Penicillin,Benzyl Penicillin,/var/www/html/joomla/images/padimages/msh/processed/Analyst_27-12LanePADKenya2015-1-13406.processed.png
good,9,9,Paracetamol,Paracetamol,/var/www/html/joomla/images/padimages/msh/processed/Analyst_27-12LanePADKenya2015-1-18672.processed.png
bad,6,4,Vitamin C,Amoxicillin,/var/www/html/joomla/images/padimages/msh/processed/Analyst_27-12LanePADKenya2015-1-9250.processed.png
bad,6,4,Vitamin C,Amoxicillin,/var/www/html/joomla/images/padimages/msh/processed/Analyst_27-12LanePADKenya2015-1-17127.processed.png
bad,6,4,Vitamin C,Amoxicillin,/var/www/html/joomla/images/padimages/msh/processed/Analyst_27-12LanePADKenya2015-1-6081.processed.png
good,9,9,Paracetamol,Paracetamol,/var/www/html/joomla/images/padimages/msh/processed/Analyst_27-12LanePADKenya2015-1-11288.processed.png
bad,6,1,Vitamin C,Penicillin Procaine,/var/www/html/joomla/images/padimages/msh/processed/Analyst_27-12LanePADKenya2015-1-8539.processed.png
good,8,8,Benzyl Penicillin,Benzyl Penicillin,/var/www/html/joomla/images/padimages/msh/processed/Analyst_27-12LanePADKenya2015-1-32609.processed.png
good,11,11,Blank PAD,Blank PAD,/var/www/html/joomla/images/padimages/processed/Blank_PAD_no_reagents-12LanePADKenya2015-1-16061.processed.png
good,11,11,Blank PAD,Blank PAD,/var/www/html/joomla/images/padimages/processed/Blank_PAD_no_reagents-12LanePADKenya2015-1-10227.processed.png
good,11,11,Blank PAD,Blank PAD,/var/www/html/joomla/images/padimages/processed/Blank_PAD_no_reagents-12LanePADKenya2015-1-12011.processed.png
good,11,11,Blank PAD,Blank PAD,/var/www/html/joomla/images/padimages/processed/Blank_PAD_no_reagents-12LanePADKenya2015-1-26490.processed.png
good,11,11,Blank PAD,Blank PAD,/var/www/html/joomla/images/padimages/processed/Blank_PAD_no_reagents-12LanePADKenya2015-1-12623.processed.png
good,11,11,Blank PAD,Blank PAD,/var/www/html/joomla/images/padimages/processed/Blank_PAD_no_reagents-12LanePADKenya2015-1-32417.processed.png
good,11,11,Blank PAD,Blank PAD,/var/www/html/joomla/images/padimages/processed/Blank_PAD_no_reagents-12LanePADKenya2015-1-9302.processed.png
good,11,11,Blank PAD,Blank PAD,/var/www/html/joomla/images/padimages/processed/Blank_PAD_no_reagents-12LanePADKenya2015-1-22566.processed.png
good,11,11,Blank PAD,Blank PAD,/var/www/html/joomla/images/padimages/processed/Blank_PAD_no_reagents-12LanePADKenya2015-1-24550.processed.png
good,11,11,Blank PAD,Blank PAD,/var/www/html/joomla/images/padimages/processed/Blank_PAD_no_reagents-12LanePADKenya2015-1-2719.processed.png
good,11,11,Blank PAD,Blank PAD,/var/www/html/joomla/images/padimages/processed/Blank_PAD_stamped_with_reagents-12LanePADKenya2015-1-7172.processed.png
good,11,11,Blank PAD,Blank PAD,/var/www/html/joomla/images/padimages/processed/Blank_PAD_stamped_with_reagents-12LanePADKenya2015-1-15093.processed.png
good,11,11,Blank PAD,Blank PAD,/var/www/html/joomla/images/padimages/processed/Blank_PAD_stamped_with_reagents-12LanePADKenya2015-1-18849.processed.png
